{"layers":[{"elements":[{"elementDescription":"(curve)","category":0,"blendMode":0,"creationViewScale":0,"isFreeHandCurve":false,"styleable":{"fillColor":{"b":0.72156862745098038,"s":0.88586956521739124,"h":0.52351738241308787,"a":1},"maskedElements":[],"abstractPath":{"fillRule":0,"pathData":{"nodes":[{"outPoint":[20.649799346923828,28.808000564575195],"reflectionModeOverride":0,"anchorPoint":[0.059082001447677612,37.535499572753906],"cornerRadius":0,"prevPoint":[0,0],"inPoint":[0.059082001447677612,37.535499572753906],"nextPoint":[0,0]},{"outPoint":[220.07200622558594,-13.257399559020996],"reflectionModeOverride":0,"anchorPoint":[98.506401062011719,8.464599609375],"cornerRadius":0,"prevPoint":[0,0],"inPoint":[54.307498931884766,16.361600875854492],"nextPoint":[0,0]},{"outPoint":[528.3289794921875,64.358100891113281],"reflectionModeOverride":0,"anchorPoint":[376.29400634765625,28.590599060058594],"cornerRadius":0,"prevPoint":[0,0],"inPoint":[325.31900024414062,16.597099304199219],"nextPoint":[0,0]},{"outPoint":[870.7459716796875,7.4650201797485352],"reflectionModeOverride":0,"anchorPoint":[756.34600830078125,26.19580078125],"cornerRadius":0,"prevPoint":[0,0],"inPoint":[639.802001953125,45.277000427246094],"nextPoint":[0,0]},{"outPoint":[1198.0999755859375,29.951099395751953],"reflectionModeOverride":0,"anchorPoint":[1157.3699951171875,21.881900787353516],"cornerRadius":0,"prevPoint":[0,0],"inPoint":[990.03302001953125,-11.265800476074219],"nextPoint":[0,0]},{"outPoint":[1480.469970703125,53.258499145507812],"reflectionModeOverride":0,"anchorPoint":[1389.4000244140625,50.951301574707031],"cornerRadius":0,"prevPoint":[0,0],"inPoint":[1277.0999755859375,48.108100891113281],"nextPoint":[0,0]},{"outPoint":[1600.06005859375,81.559303283691406],"reflectionModeOverride":0,"anchorPoint":[1600.06005859375,37.535499572753906],"cornerRadius":0,"prevPoint":[0,0],"inPoint":[1554.6300048828125,44.511398315429688],"nextPoint":[0,0]},{"outPoint":[1600.06005859375,72.757102966308594],"reflectionModeOverride":0,"anchorPoint":[1600.06005859375,72.757102966308594],"cornerRadius":0,"prevPoint":[0,0],"inPoint":[1600.06005859375,28.732900619506836],"nextPoint":[0,0]},{"outPoint":[0.059082001447677612,72.757102966308594],"reflectionModeOverride":0,"anchorPoint":[0.059082001447677612,72.757102966308594],"cornerRadius":0,"prevPoint":[0,0],"inPoint":[0.059082001447677612,72.757102966308594],"nextPoint":[0,0]}],"closed":true,"reversed":false},"strokeType":0}},"elementAdditionalValue":0,"angle":0,"smootheningRateRaw":0,"isHidden":false,"endPointFIX":[0,0],"opacity":1,"blur":0,"isLocked":false,"gid":8,"smootheningRate":0,"initialPoint":[0,0],"creationPoints":[],"name":"(curve)"}],"isExpanded":false,"isLocked":false,"isVisible":true,"opacity":1,"gid":7,"name":"Untitled"}],"frame":{"y":0,"x":0,"width":1601,"height":73},"title":"1","activeLayerIndex":0,"settings":{"gridSpacing":20,"gridAngle":45,"backgroundColor":{"b":1,"s":0,"h":0,"a":1},"gridMode":0,"isGridVisible":false},"guideLayer":{"isExpanded":false,"elements":[],"isLocked":false,"defaultName":"Guides","isVisible":true,"opacity":1,"name":"Guides","gid":9},"gid":6}