{"cacheElements":[],"cacheLayers":[],"cacheArtboardPaths":[],"undoStack":[[{"actionTypeRawValue":"proxy","methodArguments":[{"argumentTypeRawValue":4,"argumentEncodedJsonString":"{\"Argument\":{\"WDSaturationKey\":0.59411763864405043,\"WDHueKey\":0.65181518263562932,\"WDAlphaKey\":1,\"WDBrightnessKey\":0.66666668653488159,\"$class\":\"Vectornator.Color\"}}","argumentGID":0}],"methodSignature":"setFill:","targetGID":8}],[{"actionTypeRawValue":"proxy","methodArguments":[{"argumentTypeRawValue":4,"argumentEncodedJsonString":"{\"Argument\":{\"WDSaturationKey\":0.64444444444444449,\"WDHueKey\":0.53591954022988508,\"WDAlphaKey\":1,\"WDBrightnessKey\":0.70588235294117652,\"$class\":\"Vectornator.Color\"}}","argumentGID":0}],"methodSignature":"setFill:","targetGID":8}]],"isGroupingUndo":false,"currentUndoGroup":[],"currentRedoGroup":[],"isGroupingRedo":false,"redoStack":[],"nextGID":9}