{"layers":[{"elements":[{"elementDescription":"(curve)","category":0,"blendMode":0,"creationViewScale":0,"isFreeHandCurve":false,"styleable":{"fillColor":{"b":0.72156862745098038,"s":0.88586956521739124,"h":0.52351738241308787,"a":1},"maskedElements":[],"abstractPath":{"fillRule":0,"pathData":{"nodes":[{"outPoint":[20.649799346923828,44.706100463867188],"reflectionModeOverride":0,"anchorPoint":[0.059082001447677612,35.97869873046875],"cornerRadius":0,"prevPoint":[0,0],"inPoint":[0.059082001447677612,35.97869873046875],"nextPoint":[0,0]},{"outPoint":[220.07200622558594,86.771598815917969],"reflectionModeOverride":0,"anchorPoint":[98.506401062011719,65.049598693847656],"cornerRadius":0,"prevPoint":[0,0],"inPoint":[54.307498931884766,57.152599334716797],"nextPoint":[0,0]},{"outPoint":[528.3289794921875,9.1561002731323242],"reflectionModeOverride":0,"anchorPoint":[376.29400634765625,44.923599243164062],"cornerRadius":0,"prevPoint":[0,0],"inPoint":[325.31900024414062,56.916999816894531],"nextPoint":[0,0]},{"outPoint":[870.7459716796875,66.049102783203125],"reflectionModeOverride":0,"anchorPoint":[756.34600830078125,47.31829833984375],"cornerRadius":0,"prevPoint":[0,0],"inPoint":[639.802001953125,28.237199783325195],"nextPoint":[0,0]},{"outPoint":[1198.0999755859375,43.563098907470703],"reflectionModeOverride":0,"anchorPoint":[1157.3699951171875,51.632198333740234],"cornerRadius":0,"prevPoint":[0,0],"inPoint":[990.03302001953125,84.779998779296875],"nextPoint":[0,0]},{"outPoint":[1480.469970703125,20.255699157714844],"reflectionModeOverride":0,"anchorPoint":[1389.4000244140625,22.562900543212891],"cornerRadius":0,"prevPoint":[0,0],"inPoint":[1277.0999755859375,25.406099319458008],"nextPoint":[0,0]},{"outPoint":[1600.06005859375,-8.0451698303222656],"reflectionModeOverride":0,"anchorPoint":[1600.06005859375,35.97869873046875],"cornerRadius":0,"prevPoint":[0,0],"inPoint":[1554.6300048828125,29.002700805664062],"nextPoint":[0,0]},{"outPoint":[1600.06005859375,0.75708001852035522],"reflectionModeOverride":0,"anchorPoint":[1600.06005859375,0.75708001852035522],"cornerRadius":0,"prevPoint":[0,0],"inPoint":[1600.06005859375,44.781299591064453],"nextPoint":[0,0]},{"outPoint":[0.059082001447677612,0.75708001852035522],"reflectionModeOverride":0,"anchorPoint":[0.059082001447677612,0.75708001852035522],"cornerRadius":0,"prevPoint":[0,0],"inPoint":[0.059082001447677612,0.75708001852035522],"nextPoint":[0,0]}],"closed":true,"reversed":false},"strokeType":0}},"elementAdditionalValue":0,"angle":0,"smootheningRateRaw":0,"isHidden":false,"endPointFIX":[0,0],"opacity":1,"blur":0,"isLocked":false,"gid":8,"smootheningRate":0,"initialPoint":[0,0],"creationPoints":[],"name":"(curve)"}],"isExpanded":false,"isLocked":false,"isVisible":true,"opacity":1,"gid":7,"name":"Untitled"}],"frame":{"y":0,"x":0,"width":1601,"height":73},"title":"1","activeLayerIndex":0,"settings":{"gridSpacing":20,"gridAngle":45,"backgroundColor":{"b":1,"s":0,"h":0,"a":1},"gridMode":0,"isGridVisible":false},"guideLayer":{"isExpanded":false,"elements":[],"isLocked":false,"defaultName":"Guides","isVisible":true,"opacity":1,"name":"Guides","gid":9},"gid":6}