{"date":744639347.351354,"appVersion":"4.4.0","drawing":{"modificationDate":744639305.31171894,"activeArtboardIndex":0,"settings":{"outlineMode":false,"isolateActiveLayer":false,"snapToEdges":false,"snapToPoints":false,"guidesVisible":true,"snapToGrid":false,"units":"Points","dimensionsVisible":true,"dynamicGuides":false,"isCMYKColorPreviewEnabled":false,"undoHistoryDisabled":false,"snapToGuides":true,"drawOnlyUsingPencil":false,"whiteBackground":false,"rulersVisible":true,"isTimeLapseWatermarkDisabled":false},"artboardPaths":["Artboard0.json"],"documentVersion":""}}