{"cacheElements":[],"cacheLayers":[],"cacheArtboardPaths":[],"undoStack":[[{"actionTypeRawValue":"proxy","methodArguments":[{"argumentTypeRawValue":4,"argumentEncodedJsonString":"{\"Argument\":{\"WDSaturationKey\":0.58436213464100528,\"WDHueKey\":0.91079811791994736,\"WDAlphaKey\":1,\"WDBrightnessKey\":0.9529411792755127,\"$class\":\"Vectornator.Color\"}}","argumentGID":0}],"methodSignature":"setFill:","targetGID":8}],[{"actionTypeRawValue":"proxy","methodArguments":[{"argumentTypeRawValue":4,"argumentEncodedJsonString":"{\"Argument\":{\"WDSaturationKey\":0,\"WDHueKey\":0,\"WDAlphaKey\":1,\"WDBrightnessKey\":0,\"$class\":\"Vectornator.Color\"}}","argumentGID":0}],"methodSignature":"setFill:","targetGID":8}]],"isGroupingUndo":false,"currentUndoGroup":[],"currentRedoGroup":[],"isGroupingRedo":false,"redoStack":[],"nextGID":9}